arrival_rate,service_rate,num_machines,buffer_size,sim_time,avg_wait_time
0.7831243863761339,2.084938406375117,4,17,408.3893730200425,0.0
1.3700644461559264,2.1362907057783103,1,18,424.8568366128203,0.5268203411686688
1.4725849020860942,1.4538472126129092,4,12,249.793904747702,0.0016372317013911702
1.3010931297761914,2.1462565567257075,3,5,274.384461399213,0.003142535313232854
1.030470245393313,2.165853347668946,2,7,417.3956218353262,0.014421499179540935
0.6747779841959989,2.655684299716488,4,11,206.85776362374364,0.0
1.0693829067823204,2.285204599621152,3,8,323.3352842589552,0.0013649548543208548
1.778114549362807,1.6269147843488563,3,8,244.1698823731864,0.06721202921951969
1.265128771539022,2.3160930286185435,2,14,211.64576461408785,0.049227206104378
1.9888395020616756,2.4015079014268874,1,17,353.06592743735325,1.0221665710132044
1.8930616443849402,1.6780353440722884,1,5,286.06021732176225,1.6832419582236788
1.2410869038833525,2.1350581172040863,4,9,432.4656560085315,6.908767294865208e-05
1.672934915241732,2.3567352706129276,3,18,202.21336129253874,0.0013513769303852671
1.2057815997923838,1.063622097120877,4,5,202.93248293998184,0.030682840109119248
1.6520076082872044,1.3761511542709417,5,6,359.4994263457823,0.00011347795911176669
1.3239407653110011,2.7807874965711132,2,15,408.8137781916982,0.01724012373248404
1.2784180857806613,1.5173928038772775,4,7,421.29157581565687,0.0009586970494570836
1.4693161303158546,1.5477861420587702,5,11,451.79209362938997,0.0
1.1918681759500949,2.7062739159356264,1,5,492.4575236991734,0.2031657303586568
0.7402772830869485,1.4708319333938467,3,6,479.5828689260341,0.0026828525155171068
1.0441452649709593,1.784099590942188,2,19,298.4296833750939,0.048951108605356834
0.6156023946657093,2.255829295286591,5,9,233.8971223341414,0.0
1.3646985679983978,1.7141016679552876,4,5,465.68638585475577,0.00045757063521926594
1.6233834990027667,2.135778983922217,5,7,497.6388502950931,0.00042612454419512744
1.6998217513775111,2.2278001611237355,5,19,337.59760869160743,0.0
0.8357048567903411,1.215416365656554,1,16,472.0049367673633,1.6458860716159682
0.9619841861807883,1.9566738964463575,5,10,340.3420904521146,0.0
1.6487351418199832,1.2941209131159954,5,11,259.19869773801406,0.0026931334377727663
0.7084847849735425,1.7239484712255777,3,11,322.6461691896388,0.0060411733225075
0.9313181578891171,1.2794154412281886,1,12,232.38572208057957,0.9176948493858305
1.5980675794568575,1.4310447651044393,2,11,359.2041870877955,0.4419238358008512
1.4396062365130113,2.2225803624206755,2,9,445.8820740100858,0.03715463111342579
0.8571312096024454,2.4407055956162473,2,16,338.0381146289149,0.017385040638017636
1.264536474093545,1.2230918347336674,1,13,462.0273272086733,4.46140372683909
1.4937907951940403,1.5106386370695848,1,19,441.59647867427066,3.5183815771689257
0.6572141214928573,2.9245398960430076,1,15,222.48948630424553,0.06856189996932263
0.9698664923348326,2.1191179119556525,4,19,438.6341984330558,0.001304570571022885
0.6436342736978189,1.9201839535485072,1,20,208.9974624836393,0.2242528741161935
0.9463495021255746,1.4822543962114423,5,8,270.84303002566185,0.0001926676398174205
0.5727437871863857,1.3476306765116552,2,5,300.21570534925485,0.012811319291790878
1.4358456133488477,2.0462502382853254,3,14,465.7752655774793,0.008496838183291222
1.4163610905243529,1.50586771322271,4,8,273.8338847960958,0.0006558146771617573
1.062537299428112,1.3697213682396634,4,7,247.4867799346424,0.0
1.4410675464908027,1.1242412836792564,2,19,299.33667967254803,0.3711587553387853
0.7164626183143987,1.4148008173008697,3,11,288.71287847818763,0.0
1.2856354181235106,2.0919636849452523,4,5,412.5553482060459,0.00035877869826844895
1.606770212126549,1.82504011655368,2,5,493.9287522141436,0.10016563492091685
1.4618777760991173,2.2377172437013084,2,8,318.4485327397242,0.057667139034797005
0.8917415933982514,2.8344142130040173,2,20,272.57389468554277,0.008677591916888522
1.4376304866266363,1.5427055543894106,1,17,293.59419467176633,3.1270871061398373
1.9758699024184792,1.1638277870086597,5,7,488.5093877701232,0.024317721191975974
1.529316774203475,2.203583649089027,2,14,335.0870310652215,0.041910855933917475
1.8546615363471375,1.4815297048620506,3,8,283.9431558169597,0.04666965727052071
0.7434799003150887,2.3536517230030882,3,7,453.96356484423376,0.0007396771099255836
1.3450980689232734,1.9680931749465846,3,19,490.89939397339856,0.006054863184722136
1.6158128299491943,2.7677170553687453,4,15,330.73020412085094,9.151609057484371e-05
1.205541093106924,2.9550616922376554,4,16,314.84088622528776,0.0
1.7388615942582557,1.235010836952815,1,16,453.3084496352544,11.197433829638701
1.8746323360357093,1.1184342382459718,5,19,326.6214607621111,0.005580990146145326
0.7858809842850601,2.6886773691876797,5,8,435.17608275531614,0.0
1.2255555824930027,1.4226178718766027,5,15,412.1243117338795,0.00020642592765972312
0.8371675737551496,2.4984726831670043,3,5,301.4239942772839,0.0
0.8412736136710826,1.387595894212103,2,15,269.7988565223773,0.047488675353919
0.9106004421347093,1.2332520944877101,2,7,282.59759853767935,0.07790487062801801
0.9783953545157147,2.515352464456153,2,8,252.73343708749388,0.02346247142288348
0.9570481446412613,1.912452982133409,1,11,287.7070820713509,0.35414530312057096
1.7152066772583718,1.9409596563114715,3,5,265.3650272003496,0.019371365691038478
1.452901335844637,1.871315636810319,1,17,488.6489687835003,1.5081219494374662
0.8662182434764122,2.355466595173417,5,16,224.09841596117687,0.0
1.1415028917531975,2.1121822492793214,1,11,453.89992741817935,0.49142724062650534
1.999668433961653,1.5660889974097776,4,17,455.1912331445995,0.008633888158592793
1.1256815521174741,2.040720887709049,4,8,348.44737440878725,9.776820472933712e-05
1.767859995738844,1.923106130755829,2,10,457.2302029093975,0.2266159958537335
0.8753937937802961,2.652947347545111,4,11,461.27570213427254,0.0008053861397499814
0.8176555711648994,2.6498529589547335,3,7,218.75930323430197,0.0012605599239933227
0.8007714667147596,1.9109993958307308,5,18,376.61566517305334,0.0
1.454330469714498,1.9121216144153206,4,6,402.2082517359189,0.0
1.8924756560930258,1.5292289751048143,4,16,393.9150449090855,0.013568006838536135
0.5543412673292408,1.8774716099106596,5,9,379.55660741507705,0.0
1.4991660968140241,2.324407231264718,1,6,274.38792893766106,0.5684958333207599
1.1374363685151754,1.4514616561704885,1,5,416.16014453207345,1.862415130266379
0.8855232651631538,2.0768993792853823,2,5,391.0133938645169,0.03479917516636834
1.7177834083284766,1.5610009471115538,2,18,427.48629761019606,0.18661184457059868
0.9567914088013709,2.74393203941621,4,5,203.20157619196328,0.0
0.6685736781204292,1.3096759202166572,5,19,231.2573829475661,0.0
1.544556251496532,1.812351642474071,1,11,348.59251343026966,2.535483290480052
1.5685769245161298,2.8949331503108033,5,8,349.83195792778395,0.0
1.5502610633474858,2.579748269047969,3,16,470.6192014413555,0.0012798009136144998
1.7862609447362316,2.3411741520987817,1,20,409.5521633391684,0.930112155272569
0.6911675611704987,2.499161589605282,1,14,457.8366191872189,0.2198778938852279
1.598950513497966,1.641368180775908,1,20,477.7447118805724,6.8461663277375235
0.9367893206576268,2.0568492341714473,5,19,349.8484594138439,0.0
1.8461163414143815,2.8782392428223136,3,10,419.40255971896613,0.004983774373261501
1.7605865936478815,1.051958309753366,2,16,311.7671355150795,1.8342690575708551
1.078346689978282,1.4146080973985853,3,10,349.64661303258805,0.014961671983761266
1.5568536654031124,1.6514269525397856,3,17,243.4234868958887,0.02000028576715607
1.2376970463279533,1.0229772504512926,2,10,468.56219022862945,0.38068467136962103
0.5824961811822909,2.5973261688251297,1,20,326.14534262879806,0.07007346796033828
1.684370239959613,1.8022146468759694,2,10,328.68899739286337,0.12375798254555599
1.800008028191879,1.3559126574439317,4,12,482.36529884210904,0.012985086329894289
1.9897217630302784,1.760281609778785,5,8,201.5228500205786,0.0006089498715717332
0.9200090554481135,1.6455813593577875,3,13,210.48650544800313,0.0
1.6119720893310583,1.429361405276673,5,9,269.69477053922895,0.004064576233247217
1.1471016387316886,1.0765093723485992,1,7,370.7448423337885,3.383529517770363
0.8593641982520452,2.7918999160105114,3,14,446.4729256798876,0.0005339006999595527
0.8849064113055771,2.7177718095757326,3,5,370.93699990530774,0.0028839577019422057
1.321528678786813,1.9404905870541278,3,16,408.8761251334779,0.004935028160758488
1.959087258528442,1.60640551335482,2,5,411.38713924402066,0.2625730064560095
1.0950563856050526,2.3299264200810423,1,11,281.00316681547304,0.3244404742761916
1.31054515279368,1.200086945398338,2,7,248.11334843221456,0.22608572389051743
0.8522846860352655,2.4398651417267283,2,18,412.862759239768,0.011501187933093671
1.0637125336006865,2.527629929439546,2,10,236.83650104795927,0.029028127941207942
1.0997331612799917,2.7109140597137555,2,18,252.7396724147803,0.013788445255052986
1.8048886130718138,1.1015078598130554,4,19,234.9149208077611,0.045822029415593185
0.9384466925162591,2.7057329415565206,5,17,339.7313267219092,0.0
1.9355777304186543,1.4943282801162237,1,16,412.65546102577747,7.93884417186063
0.9412578817394385,2.1624493537059286,4,20,288.26794466551553,0.0
0.8817742260730568,1.4457103605629464,2,12,325.39686788465434,0.05869765975477672
1.3667107983677043,2.393647001969073,2,16,294.1910714692591,0.022110905586219937
1.4491284635619224,2.305384678440742,1,7,255.78451508038523,0.7239138203742126
0.9544960895668704,2.7260727145081063,2,5,477.4976272801536,0.01694198976314861
1.2839595959838057,2.210335171733926,1,19,338.95494283149765,0.7860192590514924
1.9016696583539223,2.5283900674000668,1,10,452.30896881626376,1.242989349334237
0.7001256323664403,2.6360536143882807,3,18,416.4666280513349,0.0015735998473313901
1.5004588349687062,2.830547909050547,5,19,250.353701834746,0.0
1.2493356279822092,1.1341058480734332,5,12,282.10915948934024,0.0
1.6824120342947864,1.8259644114663698,2,17,208.78779955769204,0.12879701681727998
1.0872028884386258,1.9685983898542276,2,16,395.7396683310783,0.030028036733479306
1.0173786280190906,1.6892540101969422,5,11,219.26569464584472,0.0
1.628608512889548,2.012953354656971,5,7,212.68417581883259,0.0002058087178872992
1.2419430867815382,2.852755726096434,5,10,483.74772237775676,1.4017332535491437e-05
1.0596478221223449,2.7576626252503322,4,19,206.7063832298721,0.0
1.3937824827977594,2.6969049658326885,3,13,218.93808640981678,0.0014295697663270993
1.7354454136252606,2.85300830438717,4,5,221.19307912402374,0.000249509901149619
0.6588333675321387,2.035977061812436,1,18,465.5139328448559,0.14382383117150427
0.5718412833504338,1.4532124077973705,3,17,425.518204448701,0.0
1.7294900227182732,1.013408578390732,5,8,256.9992043787846,0.0011928005033487077
1.9096511939475633,2.0045775520127016,1,6,359.49856960618285,1.2665637704371948
1.6538878710293916,2.8140736486539897,2,14,354.1027355643232,0.05627712440943105
1.9145287194327052,1.244739963410843,3,9,467.4915738821684,0.0922976033515038
0.840826820670685,1.6294309062947436,2,15,367.8500024509508,0.045164935960603635
0.7513199114744709,1.6985675466192445,4,6,204.54992483436587,0.0
1.1682512517645551,1.447629362397912,4,15,403.23474813928243,7.818542745760741e-05
1.57231447880394,1.3588002100024712,3,15,376.1644601649361,0.09807908977243587
1.5928792039351718,2.426200343936161,1,9,368.5313572730822,0.8292444005441805
1.0690069959779724,2.7681308520169905,1,19,463.5995454734297,0.24492048954521628
1.2158858899392881,2.6711914278241946,3,5,310.4130877254901,0.00040772314294992926
1.119912972108647,2.370444100458908,4,6,490.3387004655812,0.0
1.7756164385034832,1.4747686666267767,3,9,301.0498215982669,0.07205505838093035
1.9691304199671222,2.474098905786253,5,7,229.6023217645211,0.0
1.8917599461159795,2.4433398083415616,4,17,244.87957624491628,7.526676299842242e-06
1.2437427588350352,1.8252896019565807,4,12,402.24194054321174,0.001319985940706355
1.4627213571137292,1.6759980309031528,3,7,202.94061980748842,0.049379648387228206
0.9887966042711636,2.549604417615981,3,14,442.76799114465973,0.0005212595150441832
1.6349402627700615,2.0240749018652444,4,16,215.049313604803,0.0004280277850017131
1.659454712335049,1.6357919997208963,2,12,441.4201739049029,0.24787149982541382
1.1101809078288931,2.831179176142117,3,19,357.1517646738389,0.0017013710902254412
1.1555446861017291,2.220110214547296,4,9,466.6302128639506,0.0
1.7055758094118048,1.0657397481686237,3,8,303.44102163049644,0.20310909526634494
0.9732506857298295,2.2222745264961254,1,9,423.09669801826885,0.3701927860353191
1.141469514624688,2.8519367154336406,4,6,491.8388163893553,0.00027488068376519705
1.5983002355416682,2.3705482127219213,3,6,330.5773539230637,0.007601989424054446
1.6202865637926487,1.453762345677077,1,9,267.521557068422,3.9888029293974463
1.4489859214594165,1.7137953988872898,1,7,415.43546478598205,1.4218930983481999
1.726116807788275,2.5965534893012867,3,19,451.8753562397653,0.005585655468760018
1.3736453763963015,1.7180855999927152,3,12,216.21283918422387,0.014489688332572328
0.7349158796456762,2.437165140666102,1,10,301.42460268989214,0.15435740027062597
0.6891176560059549,1.5258048419502375,3,14,421.0929980028353,6.138707878519248e-05
0.5009374071570609,2.6118064547926156,4,18,256.03644412012585,0.0
1.7852935647284518,2.723546316621797,5,18,324.18919352171,0.00018863147730195973
1.5822595324709359,1.2855667506567843,2,7,259.22189284689085,0.3503425480102256
1.8548435382392752,2.81902766660008,4,12,386.54515105104167,0.000411825430256213
0.8773535137151598,2.4590562175470367,1,16,340.56065116157765,0.14971297138106124
0.5527011764222491,2.619783902549048,4,11,321.8089547304121,0.0
1.5708758264691105,2.215093338483093,4,19,471.53569705629855,8.931449871256921e-05
0.9821281949024281,1.8227729671716355,1,8,376.9037286393103,0.6273662668450075
1.0764448925135368,1.9477085247005206,4,12,280.2768237515404,0.0
0.6925567455104402,1.688649610324673,4,9,427.9401092199031,0.00024249094648919764
0.60426433888313,2.415137239899193,4,5,369.42918102242527,0.0
0.814443758001031,1.8161232726805063,5,13,424.6760175904644,0.0
1.0203946231309826,2.0758112509531257,2,11,326.47784755769993,0.02127921917280976
1.5957080105844845,1.4889387884016532,4,18,430.38855273927254,0.003531169250124835
0.7462347552921255,1.3033502989574863,3,8,331.59236516332885,0.003960945711659225
1.9059819907485083,2.1378188016642934,1,11,308.64241947592615,1.7266078995580212
0.6272434666167802,1.8535090285135714,1,19,322.2872924446969,0.4112112972290448
1.2467107027512667,1.342739361259847,4,19,207.41027003931117,0.0003826956609003181
0.5985788058844062,2.9345233118684235,3,14,396.9373850863866,0.0
0.5127872727426241,1.8401318169209282,4,8,258.4251727634247,0.0
0.9451997594546097,2.007383562622409,5,16,356.88789537668185,0.0
1.6111763423621044,1.5598638449424678,2,12,241.79747873643151,0.24443989629184043
1.279468374895951,1.5625552826331341,1,17,462.9660429930531,1.5768597385798815
1.5186259387458512,2.018408398961504,5,15,306.5508250133851,0.0
0.7875077593317812,2.500392244212688,2,18,321.63704561110586,0.019854195679781923
1.0408978531506454,1.4100220525239369,3,10,320.17523080404266,0.014853572185599274
1.3118095859185366,2.166443496639095,1,15,455.74267000548383,0.8168763092077016
1.0629245694342593,2.1504536639664127,4,14,473.85954830010576,0.0
0.8473154034475955,2.3032211672271643,5,8,449.1564239941214,0.0
0.7970740778418441,1.9991427690082484,3,11,436.1601332138765,0.0012053521478289824
1.3789533893081507,1.9671836540479188,4,12,292.45055553848954,0.0
1.9890289784717043,1.2565659419696515,2,11,417.36701999288744,0.948107773373019
0.6102538680243027,2.7379303615805513,1,11,326.4410781227018,0.07174662075873238
0.6009268040074436,2.302950574311584,5,20,340.5138263317898,0.0
0.8675161464873298,2.537892879400699,3,18,270.6362641556126,0.0
0.8024708862833729,1.662527420719869,1,10,484.67741371699015,0.5420685832240635
1.77640676149284,1.2472950440527737,5,9,419.32485291908597,0.007311758458835212
1.150028233390486,2.986441306396581,3,5,387.38855784754776,4.816987133339918e-05
1.9982012681750176,2.2126207059437437,4,18,348.29469468793434,0.0024262357042481365
1.9089372969116472,1.8167973748181179,5,11,460.8841240490912,0.0009236124743254968
1.3351787708561509,2.4633640001753614,4,14,309.3409638773111,0.0002974922646369795
0.713926310180784,2.6982393615892337,4,13,491.55812737889886,0.0
1.8090153597689695,1.643141287606503,5,7,235.01759825023146,0.00010505712000372338
0.803149102453744,1.0984682259472007,2,18,207.79317798764646,0.17555628423491346
0.5985805398136871,2.903603211772632,1,13,267.83270330466314,0.13396867937550613
1.0925571734745811,2.9500227055302624,2,16,219.06908557214237,0.004274729160408174
1.645166395971288,1.874792467034544,2,6,383.44001336334827,0.19963094578846133
1.0447868560701732,1.2673322378308882,2,8,422.6332771764746,0.198568747399555
0.5035213568907366,2.2402109656213893,3,20,425.26064081797415,0.0
0.9503258093105618,1.9558625517209836,4,11,324.6795126105919,0.0
0.9982536428329003,1.4575637865371922,1,9,281.35485724839015,0.7954779668831843
1.3218775849185476,2.4066210168701376,1,10,466.617301037885,0.6426328785125266
1.7253340089877787,1.2680672620938778,3,7,291.7793732846045,0.11787380442244205
0.6208251474322883,1.6063722897102026,5,18,275.046240904006,0.0
1.1718058110602279,2.6889478741008412,1,8,315.94051866541724,0.40577264621410214
1.9739213565514895,2.7508159324233743,5,17,306.69751183955566,0.0
1.0559072247205803,1.027845451516714,1,19,242.21266578111266,14.363657493229722
0.6583609638506003,2.2168846981360373,1,7,474.32022602104416,0.27871341145536205
0.7373806372255971,2.1359841602244125,3,5,362.91496844776,3.573186945263053e-05
0.5293146763421783,1.932943636732272,2,8,336.4854208812636,0.008307502758749198
1.1101340045946573,1.213905088939079,2,11,418.3480001986373,0.19326376344712462
0.5855034136536267,2.3714149032568366,2,13,423.5088827087584,0.0025674299390434103
0.7363999990191201,1.4844797514468837,4,14,292.4623449434315,0.0
0.9702868767975017,2.354974652706165,1,16,276.3197064145214,0.22982722118334292
0.7121428875252928,2.30835552272347,5,19,270.98233846116017,0.0
0.684353576798409,1.244376910494655,1,14,262.1001665825153,0.5630688580959136
0.6212849930353621,1.2589625336957506,5,14,200.95307784225744,0.0
1.6562113716214568,1.32614888756507,3,11,303.5690629619531,0.026826922223458255
1.8717798080195323,1.32927115183698,3,17,339.13817429371187,0.09344516753450557
1.1940305361501065,1.2619486087705165,4,15,456.22835526344795,0.008389853536979217
1.7286899618585994,1.7554592200937973,2,8,297.89293855471897,0.19986303457804752
1.090993689967359,1.9344283907904114,2,20,289.40930547996146,0.024110108633934008
1.9867998674231013,1.1562290695809274,2,9,288.3615003375819,1.5618880576866616
1.0696996896770932,2.6423546135249367,1,9,424.68803489433276,0.2969730462382117
1.8930503625952184,1.244675334274416,2,17,304.5396622940189,0.9558688211261449
0.5324573807417465,1.3985956559157209,4,19,381.70756874130615,0.0
0.5502566441868725,1.6820165615621132,4,8,480.57447366610756,0.0
0.911037200362649,1.6125730488546537,5,18,459.38526566876976,0.0
0.9371622448629049,1.6437601732551919,3,11,450.0410883428235,0.005494600291045395
0.7041438961508074,2.3105642165875713,3,16,212.9146343660194,0.0006863020625275091
1.8922743058138187,2.6073707165568636,4,13,205.29851786319412,0.0004189084403012992
1.0478791680430684,2.6138984345273464,5,12,345.7541119590241,0.0
1.7890821420943035,2.942048714539634,3,16,393.36678831852794,0.0016413958901878843
1.1379811657352767,1.6094697270547151,1,19,378.3830234415716,1.5583875312951383
1.4069781245003767,1.4216550577721092,5,13,385.74675519027187,0.0017541415601531713
1.5733262840544642,1.1298248287405244,1,9,219.8283460617317,6.644218439667876
1.1722814342514407,2.6764192069703174,1,20,415.68822525823396,0.2259013579390624
0.554435028793965,1.0009678978914982,1,12,419.0847978374163,1.2541919511619317
1.7796140143144308,1.003309259952728,2,8,450.5529188377634,1.5068568738468757
1.1193992338492489,2.7765564850947193,1,16,270.8167754492015,0.19423485199224635
0.7821520295092115,2.8649047677607458,1,8,217.89681549686168,0.13384740246309718
1.2574352387939878,2.6023066779509754,4,11,341.1301333925534,0.0
1.6599046950417202,2.6593391190037634,5,8,425.2004326337004,0.00020747899246826673
1.2113930527459102,1.4383017041657296,5,11,379.23874931430214,8.465501385667694e-05
1.3775559629003375,1.5180300821314383,3,5,397.5110754766438,0.021926820735674854
1.266321737313537,2.3484606298167785,4,9,352.65273080044255,0.0003032570524405702
1.1316830623360028,2.4642760264587573,5,13,382.8056032022701,0.0
0.7030451260503736,1.4464492872086645,1,20,377.2676291393322,0.7118125136849748
0.7076782659180569,1.9414020925290638,3,12,465.4820908535083,0.0
0.8116549829129036,1.6256057387557605,2,8,205.5294865247548,0.010235241318303086
0.6439270623057365,1.6263292786520114,5,5,495.002175085856,0.0
1.7245901712312337,2.607918679237903,1,8,386.6522836269819,0.8686715483985403
1.505576398880343,2.0599690766730596,3,19,321.0000610786067,0.003414632566215766
0.7561175740517645,2.0739105049718987,5,12,311.37479823269376,0.0
1.9508850424592068,2.264166842823078,1,18,225.6486010656461,2.420826197952545
1.4522171194268987,2.9697550996302837,5,7,329.82606444415944,0.0
0.633689698715293,1.362121183038411,2,15,234.14528933732157,0.040255771724190995
0.7845843807878152,2.3563627789126347,1,12,433.91027479639297,0.20482119319405773
1.9502528576264417,2.325035782027112,1,17,237.55729676734774,0.8925830121725661
1.3284596653155023,1.287456798300339,2,10,248.23144737066568,0.28233234464532575
0.6035685726695499,1.7841725896220093,1,11,396.6317763807617,0.39869856177796786
0.6354673939618034,2.8650938055403024,4,7,251.38692772364976,0.0
1.7559993429751022,2.0032549741997645,4,19,386.12539125720093,0.0048837675125596855
0.9092203646709167,2.8184770000792314,4,17,469.3671071267872,0.0
1.9027762211756034,1.8732643325895886,1,19,412.95927134896294,7.378654909298676
1.6585381197750952,1.8640942728442123,1,16,365.01059608960236,2.8028865625225814
1.0244659803452134,2.26510047799432,4,15,438.2284152312193,0.0
1.1323384096886457,2.132131740754917,5,8,428.1337667408013,0.0
0.6857831971903865,2.3592089040771436,2,19,494.9080742258858,0.006118491532469542
0.8176073538019042,2.286763092662263,1,17,431.3515893648621,0.27231250902857795
1.7676567050158667,2.6061982663305363,1,11,318.8700232755446,0.779984691522468
0.68986916619751,2.551189322748094,2,12,384.84497624621156,0.021235545082014872
1.0154720930487176,1.889675711881336,2,17,417.21000082095605,0.04047613982782337
0.6736589323030142,2.624674746764341,2,17,218.5573338240726,0.021357315375182973
1.9955298262266972,2.41870000207716,5,10,203.97302668865387,0.0004096444681669448
1.0938826996879314,2.717400936002062,4,5,477.3256589950057,0.00013856841285135962
0.5008835487704313,2.5691664861340593,2,9,424.53436658130295,0.002990293603626668
0.5452784767466834,1.9244466831786726,2,16,270.21541129990123,0.0010438595666237317
1.3585762179659462,2.3839295461676566,1,9,442.32921510408926,0.5603652957911813
1.355411128949724,1.716020612282667,3,14,228.58438009201376,0.008480573477829411
1.644035347856652,2.0375123864414295,2,10,374.2020994249401,0.22304569901960056
0.8868492786938126,2.11529171076404,4,6,245.69207989846097,0.0
1.046191737170039,1.6061502295114811,4,10,217.7589286361384,0.001739363917408315
1.9245593727952897,2.1203648247484708,4,12,294.8712387950176,0.0032651144128892943
0.6650756808466184,1.5621026290719144,2,17,229.8466598474711,0.05614068818148291
0.9077824858632779,1.9927653913633856,2,16,261.14949964444276,0.03528423626126382
1.9020061302972402,1.1470412210359446,2,17,400.2805487384154,1.3387099705992023
1.5663088319174319,2.062248236574585,5,9,319.6065715015202,0.00019585863811192377
0.6776689076991228,1.372058281036183,5,20,426.20945662450436,0.0
1.52034632347072,2.7381440198103233,2,5,204.64751457758896,0.03465848573045079
0.7909087396431155,1.6607822676320643,5,20,306.00307022169636,0.0
0.6697230492613531,1.1855070175780742,5,12,322.5257803761277,0.0
1.7669897513988297,2.0971314817246864,1,12,379.54848066397733,2.437850844395582
0.7650449888572687,2.8864388488704744,5,7,431.6733404676827,0.0
1.8482990803190391,1.1188664023636288,2,19,255.97557782365357,1.4858407306845829
1.2591665938209822,2.3217422499791383,1,11,286.7892053881395,0.4393310749601771
0.8375509716911052,1.810392562861104,4,17,223.11450752089104,0.0
1.0456529731902833,1.525768422658648,3,8,343.1495658974563,0.010580894774800563
0.5448934737871919,1.4723737893995403,5,20,212.97924660052985,0.0
1.5383884301946844,1.249014299862461,4,19,411.2826678268475,0.00961911006552421
1.7767526511303404,2.1741654623039643,2,11,390.98784781719246,0.06498781392274369
1.2051751105686495,1.707133862829447,3,17,388.75240436490674,0.013243994835823314
1.851895905231742,1.6584577021433353,1,12,337.4010816298527,4.117707823426054
1.985996987552403,2.4227362282366767,3,15,352.1740674646977,0.014336309006263882
1.7719921842386903,1.1452445868632943,4,7,200.59100727891422,0.022316912112189283
1.6015810984646852,1.1441540576659488,3,11,266.22189648476507,0.13423171655241983
1.2718438749913075,2.7182776003252602,2,17,421.2836844480229,0.027836650905714855
1.6564922448151087,1.3821307155737894,5,11,267.0046899819346,0.001203169340290185
0.6632468053235718,1.9526186391613007,2,20,213.89418477836261,0.0010152557857921454
1.4813561306759393,1.8885455135763014,1,17,400.52660684840487,1.8791216192917741
1.7210380764749176,2.3814723423357393,3,10,256.75989546736685,0.010692440077294996
0.504319830827845,1.5384380517712797,3,10,259.1184863331745,0.001305689462931896
1.239868477101931,2.0640470056772253,5,15,242.09531264275475,0.0005028973064861935
1.7729057520068043,1.0805385957482276,1,14,477.3144776226754,11.699857312273421
0.9790744304293855,1.573166664486307,5,16,406.5009553227794,0.0
0.6251515583300872,2.665913234391679,3,19,345.001600819521,0.0
1.1726176496711447,1.224411711936337,5,19,236.08047635630396,0.0006493788085733391
1.0580798080005522,1.5273420467263745,3,8,468.7204190123904,0.020856494480520817
1.7564434366298043,2.4605548678380025,4,7,419.08214540258473,0.0006093193603290219
1.894975235240918,2.5940233629056397,3,10,359.8014800775459,0.0039940099385935585
1.7475754555614338,2.728213588706282,3,20,384.2384537507312,0.004953636777014134
0.8278967552847711,1.8083048469847882,5,7,408.6350802815996,0.0
1.8612262763010492,2.1603002801733027,1,13,415.49338491517517,1.8309801175113134
1.6463863989662395,1.9951671916616383,1,12,373.74452843220683,1.4302588628004562
1.1238506383683684,1.6435322596537258,5,14,271.32092651534157,0.0
1.3740097605920116,1.0638006993581393,3,10,343.3247295047047,0.15044600685720466
1.8321461118822246,2.227529002164452,5,13,200.34796008628038,0.0
0.5552338810674192,2.2644534655624167,4,6,322.34433859243296,0.0
1.3339556715308332,2.9539801485085855,3,8,475.7258656706814,0.0011847838766733847
0.6223054641710242,1.8459559106992534,1,8,467.82969522164376,0.29783649392581957
1.9717200959949144,1.222802069636138,2,10,407.5406541136348,0.7188938603439147
1.703123993285427,1.914926677996403,5,5,417.9988676729822,2.9356232336048476e-05
1.8134030796838188,1.6347276124007983,3,9,315.1791594435532,0.026592168444292148
1.5995611842627349,2.644790698371451,2,12,448.8377904560999,0.03635092390182472
1.0251429423615377,1.2352041888522443,1,15,275.968618029719,3.4297593149602013
1.3626326861715676,1.8813224173902687,3,6,344.66346970636005,0.01378352035768355
1.1625251803723013,2.0357964407800666,4,7,234.1623962144437,0.0
1.9218189402472268,2.192360931642608,4,14,237.90022313444854,0.0018004448442496528
1.4790215849511614,1.8492146935483638,3,18,360.8838691160727,0.013366263978130073
1.7403146704897383,1.657753364822228,2,8,367.0490492064635,0.20303298530376598
0.8699142643053885,2.997693425858513,2,6,498.58203018711976,0.012151723546322166
1.3841838803346993,1.372323952175072,2,13,494.427066506814,0.2326312233986988
0.9771391251407506,1.9152842975939424,1,9,256.1313251933444,0.7114805661072208
1.7436057629004098,1.8158120988821986,2,5,250.68634158541488,0.12665825324789468
0.9125238744849458,2.425319960217477,5,17,385.8475557985822,0.0
0.7615847419839782,1.2608314833133119,5,18,222.96012818418603,0.0
1.2172611937032412,2.788887628095334,4,16,358.0421129413408,0.0
1.316577535403269,2.3102827021360306,2,7,272.6885134525297,0.020961751575126468
1.3533873926624342,2.583534460819158,2,9,366.02861704769583,0.009795622462355724
1.7439778880615475,2.2673703298811425,1,10,382.68387624351556,1.2444474521777686
0.92012049592584,2.3201770978824054,3,7,378.38823710703747,0.0009126668939661198
0.8623821841267818,1.3400282978190416,3,18,298.1853270454118,0.005329655945140559
1.2821085420148965,2.4099223853574365,2,6,379.4786263435468,0.026922305803055206
1.5160554145331444,2.389315252843047,5,9,287.94124160902504,0.0
0.7964765675200787,1.919985243715977,3,16,274.10407667077044,0.0
1.2766176938371727,2.9022262574084126,1,8,281.61681206768833,0.3961428860417174
1.538438202437138,1.5498044901238945,5,10,319.36499607242285,0.00015385334403207805
0.7975325139456162,2.0517601812291453,4,9,210.64881399540695,0.0
0.6122733102451103,1.6822969124280487,4,13,424.2803507063843,0.0
1.7691487657382414,2.141746456201057,2,13,254.87133096452024,0.06690955210119147
1.9282575289691852,1.939285529057311,2,6,267.2632732555662,0.26024564981990456
0.5043811452132241,1.828162461578637,1,20,258.2224452563957,0.21506482535134475
1.0178621586686212,2.063098768226081,5,8,443.43972467328643,0.0
1.3033164415006908,2.252074364133523,3,16,481.37943787897,0.00560835421986326
0.645616418475077,2.997208552448619,4,17,421.33766527596856,0.0
0.9828048879714468,1.9580634496333282,3,16,454.32905613831457,0.0034059671357980397
1.863063037999822,2.1391230165811495,3,12,486.8710822357546,0.010504030387749025
0.5989795591328964,1.2594774699730569,3,17,346.63120048140615,0.0
0.732748551891244,2.4323943952017446,4,13,495.123719347721,0.0
0.5510828850042994,1.3999909952692295,2,7,465.73044328425783,0.011027918434300971
1.6061308955978044,1.4593633238972201,1,18,298.81132916976924,7.587907977064645
1.4172344335215021,1.5718690808695777,4,14,227.7302634430732,0.0015139665032454822
1.1668576891274893,2.3310878589706503,4,11,207.1887620159198,0.0
0.543861097825854,1.7242562149118223,4,7,207.28041296029565,0.0
0.7430243829806727,1.746643536167329,2,16,323.0227687440055,0.030792299460186804
1.0596568014913528,1.8319724525306564,5,20,478.7534804973546,0.0
1.9682987105463798,1.8619862950674546,4,16,382.0757040306435,0.001520541340157381
1.4754313004352826,2.0398461532128644,2,5,274.49706898785723,0.09671803188839309
0.580552187939945,2.256153081470955,4,18,402.18596428764704,0.0
0.8795954971278421,1.54353117693832,4,11,424.8549470942728,0.0
0.5561036513281352,1.321158904453114,2,16,426.9581658816327,0.015542720293720778
1.423131670723269,2.01456525572211,5,6,321.9077701687701,0.002012879677057339
0.6945037537042618,2.364091207990792,4,12,404.6879937650689,0.0
1.7134755103334007,1.5701733390377446,4,6,335.88658077816734,0.0050093720707019285
1.6053770774044114,1.403642382549832,3,18,297.5512710249136,0.05937498469067482
0.7887282271112164,1.4605777980183585,3,11,452.7520116755617,0.007914108541656228
0.6878118662642507,1.2894882034799005,1,9,454.8779806905492,0.6028246489725425
1.0709407442337366,1.8575697082296119,5,16,384.08954937214725,0.0
1.0795353671657866,1.8125068003960025,1,15,224.79587662755148,0.5489441639576049
0.749802657673168,2.3812749964720163,5,12,464.2223161941908,0.0
1.0619304604293187,1.1007962738761283,2,18,248.93352368140214,0.2594540175028621
0.9922964532728178,2.9912464529805147,4,16,394.5502924868148,0.0
1.8857565424391545,2.753800159513845,4,18,359.1706122410551,0.0008970758918931799
0.6372670408341073,2.4095094691814563,1,16,417.5526041827987,0.1257060516353978
1.2811806932966305,2.47765947854631,4,14,216.80859049302344,0.00019067553450272093
1.9500291666900715,2.113104930440044,1,15,351.20863028177735,2.5013340051722524
1.913103592355203,1.3961783459034265,4,17,300.1512051500994,0.021699986143941804
0.8573522495625794,2.0782765728332127,4,19,365.8244399437914,0.0
1.7879797456858717,2.1676833544251695,4,14,202.85533698829002,0.0014953231667791604
1.364456445935876,2.346435250101419,1,16,482.25810747064946,0.6190166077308003
0.8689535434707063,2.128863458145432,2,19,482.29884689430077,0.01267111728432631
1.337425581104945,1.0355361920056607,3,6,303.0571681841858,0.08402381906995222
1.547483130076646,2.626309565307591,2,17,469.96547327903744,0.02525241235016709
1.7339751673272534,2.583483124500554,3,12,201.40864516727817,0.007843377198808295
1.6004586128892042,1.5190002762061179,2,6,344.78307151414253,0.31752253120896373
1.6353766045529246,2.4478294775698552,3,17,299.4415832854213,0.003556797476565634
1.60280910849775,1.3158111618745512,5,20,269.52501772704227,0.0036749388644760662
0.5177723397484828,1.5867183344462188,4,20,281.77989007535547,0.0
1.9886744776483116,1.815375036110304,5,14,208.93962840937627,0.00010744159595703839
1.8263047039631668,1.4240560562208464,3,7,342.90014314041343,0.04525035032648767
1.3331521999928042,2.5816403033547073,3,20,433.2255978152528,0.0005806922719490411
0.8316849797048032,2.9513319155391793,5,15,444.244233761277,0.0
1.707510745572375,1.5799384993901202,4,7,347.19800342626064,0.0028916059760384816
1.6709101684221483,2.704876780172577,3,7,241.71979955902955,0.0036417997929432144
1.3218596213438327,2.21559015674307,3,17,210.67099098849545,0.012239144141639062
1.027014669878176,2.5553582030777813,3,14,464.21661209679104,0.00013032128723434308
1.952252127974993,1.9294744371436356,4,10,212.43584426204922,0.0011510715730403587
1.0690470375669259,1.6506994927822907,5,15,253.73141072769994,0.0
1.371579275345854,2.0176188128738453,1,17,397.65778132576594,1.2297577863150722
1.0495785644223672,2.742393766280819,5,7,341.64275485254154,0.0
0.5816569134108494,2.6417553300503887,5,18,430.4418977482178,0.0
0.6210400574349435,2.371058504198932,5,13,207.1578292794261,0.0
1.8757758080182005,1.2565811452291322,5,13,454.6708156335741,0.0010488265644386728
1.5506242452381847,2.8924824665900197,5,16,282.9225818721523,0.0
1.4712845972295823,2.407338270799457,2,6,256.233763932206,0.048453114791787724
1.0102493313194614,1.7968913605428765,5,13,211.6583446875341,0.0
1.8626065456305123,1.874162667757124,3,8,424.1326542026404,0.011719290489910238
1.0576717119306167,2.163081093514663,5,13,217.24123893328849,0.0
1.0180740222153914,1.5443635660675357,5,17,432.7755873465626,0.0
1.4589316109503774,1.9271326971224274,4,8,485.2602602388824,0.0018538123004288374
0.6686453571166476,2.9663672076084477,1,19,470.8136518810913,0.12571319438736284
1.1219948697774336,1.0265980076409984,5,12,490.85675786654326,0.0008334003614352631
1.7040560875993185,2.6295822316676016,2,18,498.2523783667794,0.04867076682673351
0.8827546671980704,1.1125206246998374,1,11,471.43071455137874,2.615794287049657
1.4347374746475308,1.4557871221477452,1,16,227.13781810422913,5.810169756275011
1.0362270385233778,1.7260208501854637,3,12,235.24537327970782,0.0008339639917906538
1.117474308573834,2.3688113032127722,4,19,247.56261045622466,0.0
1.3711363912233143,2.8112929422079382,4,17,322.6996858834753,1.8718830133038078e-05
1.6074830965414655,1.961571350628887,1,17,222.5778947357633,1.1905533501251757
0.6450953411751033,1.3437342111020423,1,5,244.3954695907545,0.5426864394825719
1.2796813001007241,1.6135274826868713,4,14,456.78534690963056,0.0016412188857383655
1.841767059708584,1.8268710006336497,4,7,436.78489929823814,0.0021236430979107352
0.5623214512417509,2.452063759909323,5,9,327.82145021631226,0.0
1.8914919434356632,2.051798195851858,3,12,410.29529601282684,0.008442280455965324
1.8862004451674812,2.2398844207203457,4,17,311.69843073528995,0.006532417378585219
0.8335286499281485,1.9057993135772093,3,11,461.48691534516104,0.004828774004268056
1.6990337003082483,2.896291921913038,4,6,259.31198661033227,0.0
0.7314268126670183,2.4404976710349215,2,13,465.744100873437,0.008489191472198074
1.5310492813964371,1.686945113328547,2,11,299.55637451402833,0.1708420929095237
1.9895590892323434,2.3420908942248344,1,5,218.28526453620682,1.0180071211936217
1.3137071524452495,2.810823755946187,4,8,358.59312155565516,0.0004175992703720398
1.4269243146596815,1.1124032776402408,3,14,247.69451480689378,0.07318671097645069
1.7603393148114896,2.8675357411899256,5,19,278.12294198635175,0.0
0.7755108855057393,2.9638430122211767,1,14,265.38978520630894,0.1415741959019717
1.1597062909303504,2.054877567990632,3,5,216.13083889419013,0.003829910649682688
0.7467616252006894,1.4247434251411435,3,16,249.41007094199313,0.0008226956312926226
0.7485469328313555,2.165805851014379,3,13,324.35390175767134,0.0016010800316343522
0.6315595613118891,1.8787087884894207,2,19,461.6654979319316,0.035520605663908994
1.4959687993561208,1.6023009716609693,5,17,207.31390497874838,0.002519221432374543
1.902129559061393,2.4189256393989145,5,7,430.02036842410484,0.0
1.5186954517657894,1.9173539971188178,4,5,360.97223559404233,0.0006264987315318796
1.4598721885008643,1.8312388888713746,2,16,449.8303539680887,0.10882090710879674
1.7498441066487151,2.0199629013934284,1,13,477.62161562068167,2.0347285851642143
0.6887156315220704,1.58713559548139,2,13,396.47488645167914,0.02888357648599985
1.1018909100074568,2.8536718285980514,2,15,237.63572332912253,0.015407571722964105
0.835581858715161,1.762037253826088,1,13,380.11994248768735,0.4341593165622165
1.264825795540058,2.4577354807311345,4,16,389.89962918922345,0.0
1.50580658799533,1.9499210061380554,4,19,308.7458348928188,0.00032214243326420905
0.7919162003823936,2.2992012286393972,2,15,391.4455108131611,0.006907573814853912
1.5966031496883137,2.11568785528464,5,17,271.36170634185856,0.0
1.8618210004456117,1.8342086099162338,4,14,268.55093487919964,0.0003732324790641129
0.7394786258014742,1.3121098082213374,3,9,483.0015857266022,0.005728482718178592
1.4821370825996854,1.3217797678562517,4,14,290.83914989140476,0.013321942952675185
0.584020778103242,1.1190927744868824,2,10,256.825829498762,0.05734667559533399
1.9784337379531363,1.1756636440653434,2,14,205.0359398486653,2.1238936487003803
0.6255229665630122,2.574884532164231,3,11,367.4652954018502,0.0008952877508917532
1.655837872574534,2.2809223232429967,4,5,201.46913713794714,2.1639099925157816e-05
1.4185514246540534,2.2807014730661326,5,20,488.7047816891355,0.0
1.395180769211528,1.3974807397879927,1,19,362.3774988476967,4.49747210151665
0.6692852481701175,2.8374425082017893,1,7,291.3410168839156,0.044976585331820786
1.0281102602956627,2.5572882177352785,2,20,281.3496819439437,0.010522170276312536
1.9456379357111373,2.510507117158461,1,19,408.8018245940302,1.5609388109433582
1.854557627860215,1.4782877429421288,3,5,269.67325007668876,0.051788778559072865
1.2650117431181374,2.8519039113848006,4,16,304.9605387787666,6.050085794185475e-05
1.6207752641732558,1.076568583246756,2,13,253.60303211180013,0.9915256928800223
1.8403983179800343,1.2378408431820402,2,15,410.80407153479524,0.5237476538703909
0.5961598944939802,2.215926972322415,2,18,245.14969918469842,0.0029803693151642108
1.6653220056890614,1.6082040258540868,3,8,487.8285858475139,0.030744632487198005
0.9095563515886153,1.5691298464188952,3,11,410.5707820953754,0.00373989334329723
1.5161433146489842,1.2201686474039901,4,19,360.6484121275887,0.004446594956564661
1.341132054046294,2.4584706763977144,2,16,240.86339123902886,0.040984110824948815
0.5792518860287672,2.6764724063576177,5,9,325.91427661964065,0.0
0.549076088610065,2.7828825463093154,1,16,227.4302384270528,0.07627731701412686
1.205137212640496,2.2495226736942353,2,8,427.39986583800476,0.035494837714902146
0.8316174817899947,2.9784464533725044,5,8,477.66676955873146,0.0
1.262755917165172,1.9773672024253757,3,13,463.52402800547446,0.005919877480121406
0.5937134188434869,1.655789774418998,5,6,269.98764243128176,0.0
1.1548788886610397,1.2431663701918707,5,17,471.4952066040965,6.472110202085183e-05
0.5685743183564627,1.7718789865520408,1,8,479.2726748435165,0.1129817232414904
0.5055578843065556,2.1836171358622467,1,16,423.7141570464344,0.07521993592155816
1.5110394168797694,1.2400394792328446,4,5,412.83191670442307,0.011914887996003131
0.5464592639452661,2.6112148663294343,1,11,441.6264324402915,0.11606034635463396
0.6396996196847956,2.7012710132913726,2,19,414.91549585859957,0.0069279856682252835
1.2408816501236823,2.319516659014112,5,8,394.5983725077509,0.0
1.0796462211858073,1.2825909320584423,5,6,400.13026563943436,0.0
0.668659643810178,2.856254011759119,4,12,478.249838446702,0.0
1.8509446178207285,1.969408582503387,1,19,360.4046565791592,5.292872475162573
0.5053850658341386,1.8700715225502724,3,17,373.55968127242306,0.0021157064587050225
1.524848877165141,2.379955875914445,5,16,308.5609576942012,0.0
1.891017810968476,2.631439429373519,3,6,231.34422600545676,0.008378992071643268
1.619484040963945,2.49194224342188,4,8,450.1990462995808,0.0008598464707115629
1.5804768647465561,2.872793164203551,1,16,416.9524469979922,0.42324857870650195
1.0318136920982788,2.9257711638566497,2,7,270.1173659481555,0.01850359254928872
0.8079690767664799,1.8765112166890983,4,12,421.2900394118868,0.0
1.5012525798056213,2.6875405837316375,5,11,328.6502992155511,0.0
1.2234012407478732,1.2807372101150916,4,7,267.7854296744942,0.004209257789109557
1.905358071856095,2.124006900137551,2,17,238.98624996307106,0.10806282182024296
0.9847171375190822,2.4729634512640635,4,7,217.27056094717767,0.0
0.5874116318189582,1.6892667418639304,1,20,337.94960365074394,0.33005164439601087
1.031214077924239,1.103328790487474,3,14,316.64652886054,0.03939634396107313
1.6724945380622502,1.166772151513205,3,12,432.84233242024914,0.14408808489505748
0.8184924735243917,2.1245026272288747,5,18,464.370822925134,0.0
1.9274116825728136,2.643601191140777,3,20,496.7165759185524,0.005591682205761345
1.2775566279535882,2.8898443455216274,3,10,223.92560156023512,0.00015598296021008252
0.7427382737202817,2.9547526054297686,4,6,351.44610057294113,0.0
0.7094792173516402,1.2838279961073078,1,7,291.9890614093091,0.7959849158249128
0.5622338711821646,1.4474695567212277,3,18,465.24826029064224,0.0014161248741388077
1.3123300805325169,2.6416893647355577,4,9,325.68891352990823,0.0005757688253293371
1.2581073592607357,2.575791018599138,5,9,303.29126882065566,0.0
1.2541519390363256,1.1958390039479958,2,17,235.11397721000134,0.24393877329976624
1.4049608388608457,2.302571348860781,5,20,454.81125425554825,0.0
0.9660439018706072,1.0809640196973627,5,7,276.50323870944305,0.0
1.55929514504686,1.6745366440149596,1,18,316.8239712462494,1.9260279356499275
0.5238851067902808,1.402609713047766,2,19,289.9659069213609,0.024804509737977116
1.1997295933234833,2.85246207668255,3,20,297.670681838386,0.0003240248591787065
1.5555080210340735,2.8820332371110693,5,19,226.9812550143044,0.0
0.6353924297977647,2.450411822437075,4,16,291.6398557536842,0.0
1.662191110134441,1.209906687348926,3,6,335.5128357736176,0.09167242505420994
1.8592918354356534,1.0983489153116661,4,17,392.75384962912983,0.008659050542940446
1.637310886590485,2.374394096997373,3,17,377.9335893741671,0.004486787271090272
1.8067594801897033,2.4796544761077253,1,7,366.74304381805155,0.8900230704231684
1.4507788391017677,1.6034481640682934,3,10,358.19781846370233,0.009040738677860857
1.1725560305837244,2.8314349498562414,3,5,390.00978166127106,0.0020100960791279445
0.788478010625043,2.1819481004990697,1,7,457.84111684070444,0.241026381639722
0.5053043431241021,2.900724351876438,4,14,459.0957525980439,0.0
1.4731162502102908,1.5078514584895804,5,15,353.20866278377457,0.0002499355219106219
1.9212432192893678,2.7275433699837297,2,8,293.20781094410904,0.04593259518879652
1.7598620092477555,1.3691902437700976,2,17,324.08277605755654,0.3904728042295461
0.7997719826056913,2.448700217643111,2,5,427.679787751262,0.018353188603883006
1.6573273938894943,2.0278178538160154,2,14,455.7825490792199,0.08818474060176049
1.1816418489652352,1.900459728254061,4,11,344.0879692690396,0.0
0.6744701147800184,1.436374507424926,3,12,418.648121180644,0.004093132495871043
1.5572846874255701,2.633213915574675,4,15,203.67075389082504,0.00047101672175565166
1.3102128043872783,1.8737109293691243,3,8,339.78894172768804,0.0036632059549141787
1.5549480644940046,2.1997854752863333,1,7,245.78324290249952,0.9157977520562222
1.1477574546628775,1.3566204057978504,2,13,372.5227993973406,0.11669599732361721
0.8697097061736117,1.1046916188071332,4,14,217.48976552688634,0.009425119460902307
1.6828451858583897,1.6148337469389824,3,20,206.30838208272135,0.02568343572436845
1.156515784867297,2.51344962567082,2,8,493.26903870871377,0.023767648085074356
1.7378783180728363,1.9494147301290923,1,7,422.46822609173535,1.2345802346131245
1.6165596609478952,1.1473273835298285,4,5,261.9320731974258,0.0301060704504192
1.4339264059403916,2.327002471233769,2,17,395.40315752770437,0.03120042958097049
1.6044391627563943,1.1158518990639235,1,18,393.1542409726219,13.445061134026817
1.7099339117596175,2.249488535715292,5,12,326.4956630844363,0.0
1.689850974846547,2.9156851530238432,4,11,419.017000443376,0.0005672927615428581
1.2288968755814067,1.9514905814340024,4,15,327.8646631779226,0.0037575129180953274
0.5552299904004279,1.0881811090977156,4,6,248.174143896528,0.0
0.9078911939224914,2.896358050170007,4,19,213.05785162955374,0.0
0.8614714870632975,1.4933361343550506,1,11,250.61441660564515,0.6528596605364239
0.914275770011282,2.5276111227789624,5,16,458.6562151787626,0.0
1.120828032039967,2.507417306294812,5,7,390.4918074505577,0.0
0.5751015384622022,2.2585899610824853,1,9,284.39527230761723,0.139231449825422
0.5344398653455869,1.6064764187173943,3,20,398.096243133969,0.0
1.0722359310742668,2.22621417334429,2,10,309.95411005087317,0.011919277077938882
0.8833061856170173,1.9599213126449584,2,11,358.9349270877792,0.011974091807019516
1.181323835987784,2.997485393009012,1,19,442.2969360882954,0.21432328336083564
1.305900947901074,1.1342044561454032,5,13,431.6887121777065,0.0018256689144970618
1.4372547931014745,1.5594067864336754,1,6,256.2959315668701,1.5392651397157773
1.286677011153142,1.0888208679697695,3,19,482.43140303114734,0.04210577714067581
1.5131514545813731,2.8235791665290506,4,15,494.5477353008043,6.523279614697152e-05
0.6820730319133326,1.5489579743516182,5,16,360.7585257198514,0.0
0.8822854509960543,2.732401781141646,4,10,437.97138326783056,0.0
0.7433415513691202,1.8773101136186725,1,19,469.32185724282994,0.26137463567641556
1.4177100671393554,2.9824123674070857,2,20,380.72991111830163,0.023862423735751117
1.7046615814224382,1.0627381389243051,1,9,337.37567554585166,7.116310212407729
1.8865055834687334,1.5624478526868748,3,17,219.48137577267573,0.05806338396773326
1.5231179461049877,2.8140266304271173,4,15,377.6814273589496,0.0007782999501941734
1.7740897470109327,2.0892312571968126,3,14,346.9067005960244,0.010888335493495925
0.6789754545659725,2.8844778144427163,5,12,384.9392179564659,0.0
1.281105709019329,1.6563826693171935,1,7,263.9680947268637,1.2887387171343014
1.6352599306459095,2.353933663634926,4,20,359.9641850803961,0.001655165039852094
0.9173937127373863,1.3794300612935064,5,11,331.96879613498965,0.0
1.0545782671616533,1.5603272920446531,5,7,296.03070681688257,0.0
0.7567551944075555,2.8597901625874473,3,9,472.3805961389639,0.0
1.0595489660983595,2.664395586679496,5,16,445.8691023188161,0.0
1.4792316721029986,1.2747210560402398,5,16,320.7404551556882,0.0014039808047097155
0.686719255992393,1.5197870583657656,1,13,418.6252796872109,0.6291232491341325
0.8090535498871765,1.138876877249651,2,12,253.75633341031045,0.09482371212702072
1.937158131624336,2.669190262655647,3,14,330.2775631072857,0.0027096440659680546
1.6540440613648393,2.660746045873985,1,6,456.58194263867506,0.38243896289540613
1.8419957226880015,1.2431874612841605,1,13,215.7880783714183,7.699003145714282
1.5593679798781779,1.4823602041161283,3,5,340.308146017075,0.038303036352901304
0.6725684867695727,1.8244751198445823,3,14,241.08801212245163,0.0013797572639751797
1.8620155558378653,2.4561861523513526,1,11,283.14219307592174,1.0633886495127198
1.5433357759785307,2.3056635287299887,4,5,437.05983820484437,0.002324748260218201
1.2484604604922078,2.0939132892110264,5,18,489.48294255621926,0.0
0.7669992540076094,2.0805979998818414,3,15,482.1155308159159,0.007692883250740856
1.9679662066626173,2.4078046161143534,3,18,472.77550402634637,0.008889276658703423
1.7631270681243323,2.4902081192703243,3,10,463.68044984899984,0.00949783455108354
0.9711170665827342,2.940717373935492,4,16,316.3643501564526,0.0
0.5316244919514378,1.4544263593402453,4,12,405.1173782292043,0.0
1.273965791269571,2.637886501524326,3,15,263.0867748637839,0.0035008696695801537
1.1489542724595276,1.6647425235121005,4,11,443.0172940837481,0.0023937143307254686
1.6342161450107198,1.5848916571204383,4,9,292.1084883422262,0.003583607072565453
0.9850487043362649,2.1068810581011057,5,20,393.04249296550927,0.0
0.6447901386428789,1.1247744613417638,2,16,341.59135215215014,0.04670638909978802
1.5170416616644418,2.9107371237149766,5,20,285.9186618625656,0.0
0.8126836745043126,2.605874070166615,5,5,340.65268550588,0.0
0.7316485330908349,2.922656000259609,4,11,324.05700519577465,0.0
0.7789332462433707,2.712032813147122,1,16,280.658957519884,0.144726948141508
0.7297692374705246,2.431690880428633,5,17,413.03724361527986,0.0
1.5094576962890147,1.7766573285547784,4,7,434.217946401025,0.002451629845323792
1.2216619100334027,1.5503002006335291,2,8,218.27775014433445,0.08502178119166494
1.3818726981267135,1.5579084361837043,3,16,465.68220406451786,0.023301859339982987
1.2439552869184003,2.8426957452160075,4,12,413.98218718425835,0.0
1.1153922844079034,1.2227475424144967,3,8,299.2161110095709,0.019520786750094932
0.7981969653263701,2.267482577537436,1,6,472.59627687181467,0.1954724201596625
1.2563019037606553,1.2449114789851137,5,17,243.8974970685799,0.0
0.6744744028586591,1.2419763628542462,1,17,410.9733213006575,1.1475383940720605
0.9017641445254343,2.4452266032579804,2,7,449.0387093516193,0.00556236035008518
1.807712821040565,2.8974719017027617,3,12,379.26726455080666,0.005360367393168586
0.9684369944041222,2.6986379436013297,4,6,244.91791359521008,0.0
1.2346423658248569,2.5272440551191298,4,11,390.67766085459203,0.0
1.8314082770821365,2.235517379313004,4,14,499.5605598253616,0.0004362071489362508
1.1489377769961688,1.725992266268925,1,5,389.04472437111684,0.5382325877699974
1.092416298466131,1.2222915695223233,4,19,343.36531266783044,0.0007361693422391799
1.3622089502292674,2.592967068790752,1,13,387.1331680204016,0.4521554680871998
1.8410285395403125,2.797104815614442,5,5,471.03891649898964,0.0
1.538649985786219,1.1931010181720874,5,8,322.44548191474263,0.005182351644916466
0.6546401205358156,1.6232323951050958,1,16,317.8845060325795,0.3941831334216944
1.6578208557814766,2.4823436962863337,1,11,434.3641634783658,0.633684240421129
1.5758219698780112,1.2331775529953684,5,7,340.7228498796389,0.0017113521360611708
1.0460230185273298,2.372599681557168,5,11,391.54883485555825,0.0
0.5642836285918027,2.4911730153856797,2,5,263.0375331135691,0.000753265914929947
0.5596050279650318,1.7146958452222367,5,10,367.92615334586355,0.0
1.3346168774241454,2.7019645645764294,4,9,371.7345779671315,0.0
0.977679859157482,2.123248452965803,3,5,282.73257138016845,0.0010453125766511178
1.1416678963087872,2.5106849267901428,2,14,246.11580724279443,0.018930357763469945
1.3248363473237355,2.2934175489612727,3,16,388.4546290484085,0.007404798318499358
0.8923148910607702,1.9388930916143408,3,9,368.94337229286566,0.006610919806185467
1.7535695539083325,2.1923287175823862,5,19,282.4047561624319,8.877560023009763e-05
1.504564506225754,1.1758198621485674,3,19,406.9503828793057,0.08007634033210487
0.8302115648100741,2.1280985389919813,2,18,398.7857430207655,0.01798667224375952
1.5303257566670228,1.3066963648416052,1,5,283.3039264313278,1.9452316874667934
1.4121360278076416,2.236484175791852,4,17,366.34056326206075,0.0
1.7186296166125579,2.062317056170511,1,19,352.0468228713628,3.064795812081566
1.265164532110644,1.049311027214267,1,11,301.47533571588394,4.4523671922386345
1.8770063607480107,1.9377077446942117,1,9,227.10292629071205,2.227743894846875
1.0970164295865659,1.3456058393531316,5,15,274.817712333176,0.0
1.3919044732365813,1.2492288606047608,2,12,481.19070925033066,0.3673883976119597
1.7142526401323666,1.0640062834254413,3,12,223.21334497032817,0.08524974518320144
0.8596200973399861,1.4926936487314073,2,11,437.19716674203835,0.10771768408621499
1.7082011646386164,2.219911839962176,5,5,243.83534621764258,0.00018921445045880166
1.4064161540574909,2.0482913594213974,3,9,498.80846124801695,0.006158506317061806
1.1308853672257402,1.8657599789435717,3,9,297.8289210968238,0.01470179981548802
1.0203843699649435,2.15236135405891,2,13,331.4088096395198,0.00348211130115407
1.6753176275188455,2.891376547326761,4,11,495.15933877041283,0.0012613622773071146
0.7264388841728316,1.2968498716248829,4,20,346.3342129304364,0.00037485084942918224
0.7084660319495861,1.6954456059756613,4,18,490.13565377789286,0.0002094550407011907
0.5362268634093913,1.510696370624175,1,8,335.033581604224,0.46826500472899013
1.8154925340648143,2.1168157991059022,4,11,400.23203583098575,0.0030025631128151706
1.7617763932315174,1.3968093805928483,3,20,350.1748368535624,0.06126736257289313
1.852874437717944,2.958150932931784,2,5,258.52728669756584,0.03865249237063287
0.5034375556136215,1.365916966502621,5,9,345.98591388503075,0.0
0.8208650542315648,1.994269750537968,2,5,370.4969131980118,0.012791923028046407
1.5490664063987434,1.4778710351868538,5,20,343.74595402325565,0.000749165051489837
1.5239069841936135,2.1400847894160537,4,19,411.3455491529259,0.0004308670666049319
0.5433651545869472,1.9187725494657923,3,11,337.74873245076276,0.0
1.8331888222012125,2.688643298908479,4,8,313.85402607217907,0.0006661297007258564
0.8500689321880553,2.4700505702372544,3,10,247.7989641288335,0.0029782626380069465
1.4803518873186712,1.7498637450729635,5,14,290.79523523514024,6.715914525394482e-05
1.7787544705455027,1.080643629417406,2,5,208.91896424847332,0.6815382646823891
1.0323324743833808,2.371386935877907,1,8,362.6518043484525,0.4742625386099136
0.9498223940892949,1.0260332571018382,1,14,395.0647132152624,3.224906186768113
1.0214706341395015,1.5346120793655758,1,19,407.5735249680913,1.6479774179004545
1.712133437751341,2.71574470379739,5,12,234.1947128235368,0.0005443802849002216
0.9459819713942992,1.0188626453096725,1,6,277.35906158530656,3.5108302169688863
1.4653267694830823,1.4548616533903096,1,11,348.1813674292613,4.324534259733857
1.0874690365985233,2.1077122922623364,2,7,210.5560647021315,0.025315390390457822
0.6055836181465742,2.8590920851754476,3,18,309.4784021990611,0.0
1.0461495257717612,2.040592361880001,4,11,467.1077866584545,0.0019521353529589394
0.905986673639352,1.7353383417911317,4,6,259.54861986879513,0.001954807488783076
1.1786148985328573,1.4345600735583777,5,17,250.85255722993824,0.0
0.8459481056728626,2.0136852859872962,5,20,225.19886487622034,0.0
1.460331530468577,1.655644800231493,3,11,311.4669566845792,0.05796566040240391
0.6307914364170157,1.0002035896309458,5,7,268.1866357082731,0.0
0.7505160641131701,2.4638583100571,2,16,255.48106448993005,0.0039182266170942545
0.6496898426420332,1.0391565703870806,1,5,381.83469914689476,1.6237366160432534
0.740837038719065,1.608669588948734,2,6,453.29368079451365,0.04115566381136046
1.9256567013301293,1.7081181809263533,3,9,426.0948542247918,0.0344115044396884
0.7658845642193286,2.7270274463716526,4,17,478.4172184415456,0.0
1.2227800498591828,2.65760169041212,2,5,325.7765746293006,0.033508936786898716
0.6379635949878576,1.4324676917185195,1,14,482.6979257902644,0.6754673239955454
0.8329770845119165,1.8132004294088373,4,6,332.9896604119932,0.0008754809802410112
0.5930257953092161,1.9624897854267627,1,13,467.35451060874743,0.22393439499546344
0.503586831619018,2.7787742347353355,5,19,329.97267249799347,0.0
0.6921292659182594,2.132350463828023,5,8,200.7905570644257,0.0
1.707647403062473,1.8651754784354093,3,20,423.54385274736904,0.015925967592612764
1.5296209346782224,2.0584517149326684,1,12,350.97869548530457,0.8725682461924003
1.489447800098958,1.7368319853917,5,11,234.98157862202225,0.0
0.942858929765811,2.893016601047775,4,5,292.20196596304834,0.0
0.633396479386401,2.801986949098368,5,13,305.81547035041956,0.0
1.5157482638550344,1.072083704483574,4,13,295.8064547089605,0.00979223584347814
0.5557554515415297,1.2819080002957062,3,16,352.678964637296,0.0007854040582666514
1.1883321659545154,2.4583861635024773,2,8,253.3203476194381,0.008429211922407889
1.6965916383289121,1.7147379260982616,2,6,224.9240129660587,0.25404681940111884
1.9903880963526603,1.8209358854222273,4,17,213.10478589188068,0.010775984912750084
0.9686177262779165,1.5541572237347023,1,16,464.20147330240724,0.943423707058352
0.6300681171171562,2.0388765822268113,4,20,342.00977275352807,0.0
0.7661931657703422,1.8674955637431676,4,17,466.94539436505084,0.0
0.5499923808726684,2.1715440896503466,4,13,297.69356092228986,0.0
1.0376432031254121,2.7590590826309054,2,12,282.4793890467757,0.021951096729726213
0.7581918991070169,2.19838593975088,5,13,223.5752034567799,0.0
1.3108605451580633,1.612329113972426,2,6,460.4994599476899,0.18652500673848443
1.091223546628914,1.6651158189829676,3,6,390.629236271388,0.012039655082233744
1.5167767108372279,1.0451024108510112,2,7,377.60953536064983,1.2165633868782695
0.6722225180480489,2.6095284320278904,3,8,460.9788876771518,0.000828848439185274
1.3548940397145528,1.0106137166970004,5,9,356.7860439131934,0.0020825302257996467
0.6763376669128573,2.7711060504529907,3,12,477.80952302224745,0.0005299800664691275
0.9267472248324152,1.536421274443294,4,14,348.64526357936444,0.0008408812911683042
1.9239192344837583,1.3565073209356409,2,11,217.13133122668393,0.8781717301272288
0.6165223039678804,2.2300467569141,4,8,498.1590935921501,0.0010473006744936915
1.7741361547980863,1.8048867338782195,1,17,492.5237996839862,3.0185143692521534
1.3085324794611919,1.2746717584608058,5,10,390.67249326213505,0.0004624594126960684
1.9168693995638777,1.6241432899011403,3,14,243.41903055826137,0.06245311708431139
0.6436062675199069,1.5846313689565301,1,6,378.150808866248,0.36248574150512664
1.290245263037553,2.1840098781018646,3,14,303.27852201554236,0.0022740427085630416
1.9359319120812286,2.4144358651739823,1,9,463.3501071409005,1.053370840068535
0.7772150525066315,2.569507363459228,1,13,434.13301720656125,0.15327559082978162
0.7119370055216707,1.2761077701452597,1,19,422.85084608126994,0.5037687623396607
1.5103825657182086,1.3566577235481496,3,18,211.62588707107062,0.030550758866335303
1.5210328020511596,1.5020254841094163,3,19,273.8504285358346,0.03064727736516067
0.654955202708521,1.4181437077009589,5,17,485.9197541541233,0.0
1.1353964151540386,1.6868904233397832,4,5,200.69655309854593,0.0034367187955555525
0.9843258851801584,1.6097731480825364,2,15,288.93017013830104,0.05910761920901059
1.0174284882575382,2.2010885259214676,2,13,266.48638444627227,0.022198849077276744
1.1249869287034442,2.0836772108363997,5,18,495.94782824460117,0.0
1.1753075632019279,2.702964145283965,5,20,223.7475899893861,0.0
1.8344283859420771,2.3064347745397376,4,9,478.0605044892734,0.0006830379457893613
1.7321465062286827,2.5814500052637164,1,19,383.31687576855387,0.7444708960354736
1.714995058239445,1.0281023855697744,3,15,429.8911944522853,0.15357558160608653
1.8885774067638794,1.7623317031013044,2,9,385.68561428835153,0.2187073332064223
1.5038917980644597,1.4407850407575131,2,8,398.5631341252682,0.17029008252574462
1.3132371061390353,2.5777598661797363,4,6,210.04097862495527,0.0
1.7822157275123283,1.2807570484767352,1,5,252.3425679536038,2.2049081018512435
1.334240010486058,2.17571110924537,2,8,385.56417288166415,0.0256765826646433
1.4041836368330518,1.8732601679874725,4,18,467.52899927777463,0.0006934306095694213
1.1213364986955239,1.7587534601908357,3,11,238.729796636446,0.010735660949380398
1.1884355869094894,1.5831680901591803,1,12,315.82370374362154,1.5941317675579998
1.4226913070163065,2.2011864035827564,3,7,343.4467484720956,0.008395274528025232
1.0805867351952607,2.850491387067525,3,10,358.75549048275036,0.001412409752069451
0.8986951894842057,1.016773452703036,2,11,282.3408419551757,0.10149291812440395
1.9766275496015764,1.0079773509359418,3,6,373.8153650053939,0.44454664923489373
1.130233675157157,1.5654456394411331,3,6,319.3837770718318,0.009140099015505766
0.6267936895220775,1.3809028447697573,2,12,416.2626122949604,0.03182925381350252
1.9849200589428635,2.4127597879238483,4,17,426.4629775180662,0.001319227587887593
0.91399418273882,2.51794532285317,3,17,356.09222867805255,0.0007448440346167214
1.6445662061851443,2.229851480108966,2,15,466.11548746740175,0.060419272238181866
0.5361549572261133,1.1586039324210833,3,5,247.11012682029184,0.000456585837097765
0.6751724235548153,2.888903653958641,3,6,309.8446529313568,0.0
1.856081788009813,2.248390616211042,5,12,362.1131076011434,0.00024321319737239232
1.222368489451168,1.7594484921278175,5,16,387.1415140287395,0.0
1.6339720878872055,1.8386587008016206,1,15,280.09742105026106,1.7585951224359464
1.7819032748575168,1.291816788707019,3,20,255.40565127274166,0.07041833348517436
1.5025556149401735,1.0144350436406513,4,16,354.0248173007216,0.022141196606222012
1.2823664339171401,2.0755257235456224,2,16,441.20048633749167,0.04018250620639338
0.9757560762833108,2.5558171484418897,5,11,483.5175909411765,0.0
1.4567897884811802,1.383106741283942,4,15,359.15532555582706,0.004072506776528246
0.7023522608482993,1.8810520256987726,2,11,266.0325933907637,0.00958942628878534
0.8419186695334657,1.5663011622499168,2,11,445.1999060885911,0.04896592893398068
0.719662104923576,1.1708782488637348,1,5,424.9512104529988,1.635959002387465
0.9225385737313798,2.3104907147606744,1,7,285.7310330298184,0.3692926241951972
0.9846456888575386,1.9955831224716105,4,20,340.44637695167523,0.0
0.816421897607331,2.076845674982634,4,17,330.63956177524176,0.0
1.6136442933747754,2.9668739937946986,1,17,454.03086349924797,0.3545792912273496
0.8596787800100087,2.0938123061046263,2,8,441.06594510720583,0.02143604170234023
0.8320558782491723,2.555410889430334,2,16,268.978543962957,0.0077176374781983016
1.68959677052234,1.7459317260240361,5,6,445.2633303446032,0.0042172571666680226
1.5706552946498578,1.30021081501585,3,16,232.57275189365845,0.030468649642329485
0.8809718777328848,1.508782833849508,2,14,466.3212884072829,0.03975967149430645
1.2863908564285902,1.9864096738210588,3,16,279.3312811655898,0.00404406441859147
1.9025913762614366,1.312703994674761,2,13,201.5750736229325,1.176820483522181
1.1575530193139132,1.7207625012792622,2,7,357.1638894836094,0.07147580271048819
0.9396984435508999,1.739241988572852,2,11,378.4061630350267,0.0600158642721698
0.9744290621574403,1.1572192700226094,1,15,469.95342750425743,3.4143342304682895
0.835016671000667,1.7184454911157796,3,15,487.2526024114119,0.0041995951306216875
0.7228086410186785,2.6315090571967286,2,16,448.4169396378825,0.0013404958093131902
1.8521490445856221,2.2400053470055763,5,17,338.64970608657336,0.0005035558298802724
1.5397141709342257,2.1709909714126807,3,18,435.0165291515042,0.012103904979435092
0.5665518323761067,1.1953074907390744,5,20,347.41248238020114,0.0
0.5019987688053282,1.0840851223121095,1,11,308.61206821204956,0.9356753141977596
1.3686950451382924,1.253537445513717,5,19,296.511982330275,0.0027945643882939515
1.1635462594863923,2.569056448440194,3,5,477.73529574886,0.0002998043773466755
1.8481036627484677,1.9683748362083129,5,7,376.72965682057225,0.0001437162597238434
0.5261469234409026,1.3868192321831314,3,20,233.25030849330545,0.0
0.6918786534654071,1.1369238721318573,4,17,313.24500438147385,0.0
1.006024170880573,1.804386859440049,3,11,460.003383903539,0.0021209279409012084
1.2982444983733554,1.7852670294359017,4,9,466.50908615256975,0.0
0.8248544976014085,1.6760492860252416,1,14,241.93299656391446,0.6909878456536972
1.5738845453790853,2.8618455791149398,4,9,425.87441044243803,0.0002516571439364576
0.7771485473501684,1.2396429505378075,2,14,339.61757180410694,0.03397154155711514
1.5510460517939406,2.9769365194655,4,15,279.5733554954711,9.715730637557962e-05
1.6946926232824975,2.2348477824465878,4,7,407.83125225541085,0.00014951466382368299
0.7001507785261873,2.3716255089233123,3,12,210.75955054489376,0.0
1.5069279017855466,1.789367336514621,2,7,310.1304305418082,0.12636344620677284
0.8949277135144609,1.3424502980985569,4,18,458.28598597667434,0.000590083796900892
0.8288628769798335,1.5693778507977922,5,14,402.26671539991605,0.0
0.7343868550834565,1.3451830983683277,1,15,474.947892598324,0.7043126554403559
1.5214519295922262,1.3428421430002613,3,17,222.57510750294216,0.07466650389576296
1.480579932163824,1.195798641453739,2,6,488.91245535018254,0.39466055698634994
1.8829578594442835,2.785966808524238,1,11,260.55130575272653,0.5203488864091896
0.5490464334186809,1.5677005224575706,4,5,378.62730482744917,0.0
1.0510347041067332,2.9783776284869976,3,20,409.64904404953097,0.0
1.3525204061581773,2.0262634937011508,1,5,368.86278434705287,0.7098410052232283
0.8802244585215482,1.5996220341464842,2,14,234.5210229644714,0.03990550568638883
1.2727687369435199,1.8429835144683315,5,13,455.50114499137067,0.0
1.557129831069934,1.9565537202659276,3,17,310.3004240435679,0.02480412754603262
0.8371540387782159,2.6280121007207393,4,5,203.55146039829012,0.0
1.8551677464001692,1.567304985382746,1,5,384.87733061456936,2.258654748499654
0.5561329099228174,2.8322957209288946,1,18,263.44085205326417,0.1138933620436088
1.6717817259360384,2.9836553189894257,1,8,241.37941105867026,0.535547480536211
0.8530316613338987,2.64898429068122,1,13,254.11953949223064,0.279955044601888
1.1737622609269325,2.1203782448782733,3,20,380.53789662006744,0.0017938854858725976
0.6831356810001419,2.5662394614480495,4,14,405.276560445971,0.0
0.8506784483402449,2.7803521354700926,4,13,489.09940799398487,0.0
1.2613936076103505,1.5764698750816364,1,12,379.6786570994275,1.7036050492404722
1.1780902187417162,1.8873513278448484,3,11,290.90643729810955,0.004302573444392866
1.3141393493048894,1.6431869549617844,4,8,282.238732473177,0.0018094996681212617
0.9772924611897551,2.3334774205476387,1,15,398.89373160443574,0.17116436475408692
0.869557468641699,1.816641922620356,1,20,206.5026128072073,0.5976822828064229
1.6738999895511206,1.0295766896598513,1,18,454.78761830949185,14.779477710785253
1.9634682622632704,2.214083679692761,5,11,321.8710051965716,0.0005144754062367329
0.9439063600420164,2.5487715793363597,3,9,278.5484919183685,0.0014046687780056258
0.9591054666373438,2.990981207002154,3,13,240.55126800086026,0.00019319698961822314
1.7540371158201826,1.0725911480869994,5,16,326.56092398373966,0.002269899879165767
0.7812639715268637,2.933813724813321,1,6,387.2751843730222,0.05167158388441461
1.2069677485892276,1.7364483996488005,5,15,316.9120535000514,0.0
1.6750249333759741,1.8401887836236261,1,7,200.03339884392537,1.8178145569501476
0.8079110666451055,2.8969880042690885,1,13,235.22625043684852,0.06771716453944371
1.2252758920256168,2.917066471775753,4,11,227.16005863859584,0.0
1.555253695178794,1.8613892896908775,3,9,335.85551221680305,0.013888380495663965
0.8302622027993487,2.5461705394413285,2,5,261.7699396820145,0.00871580260455095
1.9036597021910602,2.9198971477786864,5,6,371.8303097628119,0.0
1.1646870255781394,1.4343039348862408,5,12,405.52588150634875,0.0
0.6974328535103211,1.6020535388853598,3,6,295.96791646723386,0.0
1.704469119880403,1.4425248810587854,3,19,376.1715525847329,0.031000168134231565
1.1829345202485462,1.644548213363899,5,19,234.63731511806583,0.0005894676857758638
1.3785503294293142,1.4226681636038647,5,20,467.19550071960833,8.192487325046055e-05
1.3665018466919467,2.972065371882209,2,19,393.2073243552518,0.020310640945794135
1.797969986599901,2.686649224269277,1,8,398.56278829812436,0.6883963154591982
1.497451378151387,2.5270028486568066,5,8,474.0163753182176,0.00016870904961161705
1.8059520939895506,2.46801207649386,3,11,338.71822867606005,0.003435579673971824
1.3807833997156753,2.9346091153398994,2,9,346.24271853916844,0.023944720053423376
1.7985903745325613,2.991738847112815,4,10,288.9426421237813,0.0003821668294251324
1.232617778800304,1.535811370981372,4,19,359.20951199860815,2.248086644045155e-05
1.6121749896229791,2.793575267211012,4,9,367.08996004301684,0.0
1.599166983214418,2.9585252164446874,2,11,499.45127249435154,0.0321342208436591
0.9848350688857139,1.857017104325868,1,6,268.2310784010672,0.537474551199077
0.8315485685097717,2.6997724543252706,5,9,311.7409358951351,0.0
0.7664696217223153,1.0202007710635335,2,6,330.0932108163702,0.13274857045704155
1.981253107711054,1.1668988558403846,2,8,482.90103607629175,0.8955688615606074
1.8826510479818273,2.6688876242517203,5,18,224.63794956033377,0.0
1.3002465914258508,2.564048720850598,1,19,411.11954848167784,0.31508247561269226
1.5357097965137698,1.36856879585702,1,5,339.2127595999603,1.5611459709329387
1.4832052436504748,1.0600460780982741,1,15,335.88388208352353,10.556238096555532
1.6616857031392722,2.748968711772357,1,5,217.05504497455505,0.3539663683677872
1.3596388263104486,2.7857285338325575,5,8,371.84302962458406,0.0
0.7358522885980807,1.603912559309374,1,20,394.3700253376182,0.6580831732107922
1.863034942887338,1.0210751706276218,3,15,210.787200326364,0.12999160683576946
0.8587639015475621,1.1677400682016923,1,19,276.89263500403956,1.666660481626444
1.0240827930446752,1.514836394979833,1,16,343.77328672595945,1.457481219201808
1.538262627161466,2.853885199046578,3,14,375.98549774965267,0.0014049377808875118
0.7964796472013239,1.8775896282415734,3,15,405.92036870758375,0.00353484182096821
1.0938096430180873,1.1864326198841473,3,7,489.77429212724417,0.04129279852880345
1.3876765408123488,2.6187593406329794,5,7,364.1474311765354,0.0
1.7287692587059267,2.381595162062274,1,19,243.48042058788974,1.1345859417459312
1.8838536942080424,2.011296153946459,4,5,487.6364216494084,0.0005760843295854346
1.7245424710446289,2.9855843935054276,4,8,319.14716184539293,0.0009574849527215763
1.7241369399458593,2.696375004115353,4,15,249.6725808732246,0.0013057505600143646
1.2917770288824544,2.4951904128093303,2,8,294.0068885415456,0.023990902024724953
1.5439164180691316,1.1365912947024845,2,14,404.64016579948554,0.7519133807649556
1.4560866305409403,2.5934497558767418,4,17,253.74580737372023,0.0
1.8501849353241449,1.5242558054711894,5,18,333.3633484195307,5.785575521367815e-05
1.7833847777736858,1.4613070808037063,5,10,315.44175179226494,0.0014803180471033514
1.4092567576461643,1.4700581718210408,4,19,280.31781724231655,0.005192799110105575
1.2832291982079587,1.98965253534345,1,14,235.39981825967794,0.5281759284880174
1.2997949945180889,1.8900084405454904,2,16,314.45911595793973,0.07591437263290789
1.1799818127764348,2.296981046170547,3,20,349.95363935525484,0.00286269516417205
1.4263267367574908,1.8435674501000336,2,9,241.66953055293123,0.14953810440327564
0.687500087758355,2.351211484247999,5,11,355.38577788697967,0.0
1.3285663027062755,2.269345516303851,5,6,463.5971857862204,0.0
1.6046657930421995,1.8263657090228025,3,20,389.76363515379956,0.017394851746383718
1.6885409447585449,2.2472505612016596,3,11,366.3075055307122,0.010992625592834707
1.5619977024704808,1.4396211285326108,5,11,317.11648236270173,0.0010955026023767474
1.1972834053589096,1.8828217708168749,3,11,318.97673466643863,0.01155768108286296
1.243790366280651,2.6519192053637446,1,11,300.8765394865386,0.37241144068436693
1.3239921887121735,1.2312284135851166,4,17,381.3915167255724,0.01715181263298143
1.4116118407401383,2.0878847177521873,1,14,263.7321904609835,0.8247312263281199
1.6254328813951553,1.9834809156162736,1,18,341.91094165173774,3.1893782099847376
1.0765126703726147,1.4506846163532177,2,11,244.60494136515888,0.13602424766948798
1.3537323475983243,1.149617903788323,5,17,392.1882437100006,0.014982841975214434
1.197918158969421,2.8909283806626336,1,12,366.4879745575354,0.18827639875670302
1.091885092320032,2.5658125775856933,4,14,263.75077456658255,0.002110938925071372
1.8567688785337715,2.1813904268955846,5,16,419.08459846516035,9.988441171784407e-05
0.7539475867580084,1.1902249172468602,2,13,402.5318151092422,0.10100997760356309
1.0679271999149196,1.664449540682435,5,6,309.2855771978956,0.0
1.4718377299354313,1.699206477780667,2,20,212.0086620724158,0.21904464732318998
0.858952687122579,1.5743611739779249,2,9,319.3517635433901,0.049787466359188834
1.14344242467478,2.964344930587059,5,14,270.6284870590859,0.0
1.3569571922260075,2.6490637484973183,2,14,251.2435996163338,0.029126630459181232
0.9300418767279762,1.5980275302670595,4,10,303.5650376637078,0.000724344891518194
0.7915567590477053,2.3909036570860187,5,16,449.01123879583986,0.0
0.5480986033438158,2.3353845102994377,1,15,463.91408092735844,0.10705154026776097
1.1733440511508602,1.0830220301290532,5,15,208.39355387225945,0.0
0.7855882773498373,2.4444124328119785,1,10,459.8251443700217,0.19606087949259055
1.0436060293887088,1.0791131576167352,2,17,449.3186758753092,0.31138521906358585
0.7423855969468911,1.0611765936858195,5,19,432.77679581244666,0.0
1.3884789352675928,1.4794881934960817,2,8,269.7448923525489,0.16005211557807686
0.7147109308374271,1.6750221399571261,5,8,485.79162672457534,0.0
1.9175577818900575,2.0908726220136944,3,18,327.7264007013101,0.008849067972054281
1.355753798616765,2.4023895576056673,4,6,428.9158323651736,0.00011784710630592852
1.981167111019135,1.0626864370175513,3,7,480.24210861507385,0.3273430484291813
0.8584143935002406,2.9787811789857104,1,19,426.9081167002369,0.17784070253688697
1.857047390641863,1.8678339785846159,3,9,415.97362305468914,0.03021563594724044
1.8124328416870599,1.7534027791171696,1,11,324.4624592141445,3.1091462938422243
0.5833863111846986,2.0223109952909892,3,10,345.9263284211246,0.0
1.7098707166171847,1.37044805548839,5,8,483.5726806098811,0.0065220096261511
0.5331077856277631,1.2183497644147767,5,16,484.459869260798,0.0
0.5850028911830525,2.745426179079208,3,11,332.46319472407606,0.003354123828289471
1.3844601211308398,2.3052869911969376,4,9,306.03614183974025,0.00022667766764309163
1.650938877250944,1.618367528800942,4,15,230.3607701666076,0.004140854314719435
1.9465408189001734,1.238810884784155,2,19,363.3956969317866,1.3261340216527373
1.811222366997809,1.8369442154327968,5,10,437.3115843797203,0.0
0.7551260461037794,2.766450407265617,5,6,442.4002442527209,0.0
1.3025221227711383,2.577956709570579,1,17,288.9155406279301,0.30273703805891616
1.9786724706278536,2.060367948312705,3,12,291.3244117105351,0.022342880251681643
0.7533907973170724,2.85196098942618,3,8,248.4662859793017,0.0
1.0802982503414462,1.6030105459057704,2,20,277.28590699990036,0.06655795088555287
1.1457722598571864,2.796788149306563,5,5,254.1081671833791,0.0
1.8895808116429966,1.7660187641945604,4,5,316.032815309918,0.005407361254140573
1.8675363208666118,2.3770959804818608,3,16,258.8550940967339,0.0045774115006573125
1.9942368492865006,1.869860085221568,1,14,381.53218537579505,5.283675479095631
0.6151778007905953,2.8586650194717045,5,13,273.3431907165699,0.0
1.9435561384724838,2.6080004002587387,4,12,258.1163221423943,0.000831594249082465
0.8707209015316463,2.6069711050502917,5,18,398.1850155827178,0.0
1.392493703984668,1.0332664183527995,3,19,407.71583030156137,0.19906495313252723
1.3420817987396745,1.5963827706973546,5,12,359.4601495822657,0.0003351464441818779
1.6213167982029046,1.9570372769816178,1,16,299.8808664846516,3.4234687344123658
0.6632187382987795,1.6341357622719408,3,9,209.4539262799095,0.0027636443992549165
1.9734546994233346,1.4906093209734372,4,7,370.1723569245993,0.02004498925480398
1.7776787695124618,1.3022491651436392,1,12,242.46805133738468,7.0706581053627815
1.0410030513459523,2.581690946172051,4,13,343.99083790112513,0.0
1.1471126911585439,1.3093263067908776,1,16,329.45761623384976,6.373940737580538
1.663341753246577,1.1889158572013132,5,17,379.6529160300816,0.01751198573544779
0.5694505064626568,1.6268610535519306,4,19,386.5347118076569,0.0
0.7634691818748641,2.633902952066673,1,8,223.61285712034382,0.19078797678024426
1.055544070333719,1.52963827100056,4,19,425.42004482916286,0.00026056408377579166
1.1873413610987742,2.5934009800760016,4,9,346.8799540402583,0.0
1.5003975335764763,1.5046892657240396,5,20,405.14675207299274,9.179372852362314e-05
0.9995243592902014,1.8405350002275247,1,17,422.99935669767063,0.6487700635903454
1.829746359495896,1.8965244542782622,4,20,430.8758689726463,0.000959303241432745
1.743673831192853,1.1722035938334492,3,17,276.1400345700638,0.035364293105759594
1.428623870313376,2.7282061769004935,2,8,268.0132609550898,0.016186727438642416
1.5260043222812274,2.3974353100859362,2,15,485.9113269040509,0.04199555614973016
0.5614887304130349,2.52548918306264,4,16,289.8901730947207,0.0
0.5357251194247326,2.3434219184906597,4,5,407.7814611631246,0.0
1.4975569127857826,2.808534875941,3,16,403.4784315560819,0.0018707910740944301
1.1821163561004309,1.0126233079453848,3,8,484.52544953714096,0.05477453505576294
1.3344127647692545,2.8759069588064445,3,20,477.76443393641887,0.000677741547488191
1.8833473631979623,1.4626004544156448,2,10,347.9683511201155,0.35918222057617616
1.7385688372701196,1.181231744116551,5,7,371.39032242585296,0.003948822860581539
1.2225737437871143,2.4091639434747147,4,15,467.6551823010525,0.00012121275405960529
